{
  "story_id": "iter-B_imgsz_288_eval",
  "model_path": "training/edge/models/sweep_imgsz/yolov8n_cat_distilled_int8_pc_288.tflite",
  "model_format": "tflite_int8",
  "map50": 0.1983069756287211,
  "size_bytes": 3224432,
  "params": 13010823,
  "flops": 0,
  "input_hw": [
    288,
    288
  ],
  "latency_ms_p50": 6.105826498242095,
  "latency_ms_p95": 7.2930356924189255,
  "val_images": 120,
  "notes": ""
}