{
  "story_id": "US-003",
  "model_path": "training/edge/models/yolov8n_cat.pt",
  "model_format": "pytorch",
  "map50": 0.9090909090909093,
  "size_bytes": 6201881,
  "params": 3011043,
  "flops": 501891712,
  "input_hw": [
    224,
    224
  ],
  "latency_ms_p50": 5.914898996707052,
  "latency_ms_p95": 7.215913213440217,
  "val_images": 120,
  "notes": "yolov8n single-class fine-tune on US-002 dataset (480 train / 120 val, 50 epochs, batch=32, imgsz=224)"
}