{
  "tilt_jog_inverted": false,
  "pan_jog_inverted": false,
  "pan_tilt_poly": [
    1.0750542107013097,
    0.08757685010724783,
    0.002786097546664229
  ],
  "pan_min": 61.0,
  "pan_max": 153.0,
  "tilt_min": 11.0,
  "tilt_max": 59.0
}